Workbook

Sheet 採購系統時間表
A1: 採購系統建置時間表
A2: 請填藍字欄位；Dashboard 會自動依本表統計。主線：資料清洗 -> 前端架構 -> 資料庫對接 -> QA -> 導入 -> 驗收。
A3: 大Item | B3: 小Item | C3: 負責人 | D3: 開始日 | E3: 結束日 | F3: 進度% | G3: 狀態 | H3: 風險/問題 | I3: 本週進展 | J3: 下週計畫 | K3: 需協助/Blocker | L3: 延誤判斷 | M3: 剩餘天數 | N3: 週會是否顯示
A4: 需求分析 | B4: 欄位定義 | C4: Brand/Steven/Jack | D4: 46112 | E4: 46120 | F4: 100 | G4: 完成 | H4: Buyer 欄位待確認 | I4: 已完成 MVA 品項欄位第一版 | J4: 等待 Jack 填入剩餘分類，完成後與需求單位確認 | K4: 無 | L4: =IF(G4="完成","正常",IF(E4<TODAY(),"延誤","正常")) -> 正常 | M4: =E4-TODAY() -> -16 | N4: Y
A5: 需求分析 | B5: Campus IT 需求確認 | C5: Brand | D5: 46135 | E5: 46152 | F5: 30 | G5: 進行中 | H5: 分類大致完成，需確認 Lockdown Lv1-Lv3；前端權限頁需與角色定義表對齊 | I5: 已完成原始資料品名清洗、FTV 分類、月份清洗 | J5: 完成 Lv1-Lv3、FTV code、前端權限需求確認 | K5: 需 Jack/需求單位確認分類與角色 | L5: =IF(G5="完成","正常",IF(E5<TODAY(),"延誤","正常")) -> 正常 | M5: =E5-TODAY() -> 16 | N5: Y
A6: 資料清洗 | B6: 原始資料清洗 | C6: Brand/Steven/Jack | D6: 46135 | E6: 46159 | F6: 40 | G6: 進行中 | H6: 品名格式不一致、分類規則需確認 | I6: 已完成部分品名、月份與分類欄位清洗 | J6: 建立標準清洗規則並抽樣驗證 | K6: 需確認分類規則最終版本 | L6: =IF(G6="完成","正常",IF(E6<TODAY(),"延誤","正常")) -> 正常 | M6: =E6-TODAY() -> 23 | N6: Y
A7: 資料清洗 | B7: 分類規則確認 | C7: Brand/Steven/Jack | D7: 46148 | E7: 46166 | F7: 20 | G7: 進行中 | H7: Lv1-Lv3、FTV code、MVA/REB 分類需鎖定 | I7: 已整理分類方向 | J7: 與需求單位確認分類表並鎖定規則 | K7: 需需求單位回覆 | L7: =IF(G7="完成","正常",IF(E7<TODAY(),"延誤","正常")) -> 正常 | M7: =E7-TODAY() -> 30 | N7: Y
A8: 前端架構 | B8: 前端頁面 Lockdown | C8: Brand/Steven/Jack | D8: 46155 | E8: 46174 | F8: 10 | G8: 規劃中 | H8: 與 Campus IT 確認頁面功能，功能定義需持續跟進 | I8: 已初步確認頁面 | J8: 完成前端頁面與操作流程定版 | K8: 需要與 IT/需求單位拉會議 | L8: =IF(G8="完成","正常",IF(E8<TODAY(),"延誤","正常")) -> 正常 | M8: =E8-TODAY() -> 38 | N8: Y
A9: 前端架構 | B9: 欄位討論 | C9: Brand/Steven/Jack | D9: 46155 | E9: 46166 | F9: 10 | G9: 規劃中 | H9: 需確認 ECS、PAS、DB 欄位是否一致 | I9: 已列出主要欄位需求 | J9: 完成欄位必填、唯讀、查詢條件定義 | K9: 需 IT 確認欄位來源 | L9: =IF(G9="完成","正常",IF(E9<TODAY(),"延誤","正常")) -> 正常 | M9: =E9-TODAY() -> 30 | N9: Y
A10: 前端架構 | B10: 按鈕與權限討論 | C10: Brand/Steven/Jack | D10: 46162 | E10: 46173 | F10: 0 | G10: 規劃中 | H10: 不同使用者在不同頁面的按鈕需明確定義 | I10: 已初步列出新增、修改、刪除、審核、拒絕等權限 | J10: 完成角色權限矩陣 | K10: 需確認角色清單 | L10: =IF(G10="完成","正常",IF(E10<TODAY(),"延誤","正常")) -> 正常 | M10: =E10-TODAY() -> 37 | N10: Y
A11: 資料庫對接 | B11: PAS 系統耦合欄位試串 | C11: Brand/Steven/Jack | D11: 46176 | E11: 46187 | F11: 0 | G11: 規劃中 | H11: PAS 欄位格式與資料來源需 IT 確認 | I11: 尚未開始 | J11: 確認 PAS 欄位對應與測試資料 | K11: 需 IT 提供欄位格式 | L11: =IF(G11="完成","正常",IF(E11<TODAY(),"延誤","正常")) -> 正常 | M11: =E11-TODAY() -> 51 | N11: Y
A12: 資料庫對接 | B12: ECS 系統耦合欄位試串 | C12: Brand/Steven/Jack | D12: 46183 | E12: 46194 | F12: 0 | G12: 規劃中 | H12: ECS 欄位格式與資料來源需 IT 確認 | I12: 尚未開始 | J12: 確認 ECS 欄位對應與測試資料 | K12: 需 IT 提供欄位格式 | L12: =IF(G12="完成","正常",IF(E12<TODAY(),"延誤","正常")) -> 正常 | M12: =E12-TODAY() -> 58 | N12: Y
A13: 資料庫對接 | B13: MVA DB 接入前端 | C13: Brand/Steven/Jack | D13: 46197 | E13: 46215 | F13: 0 | G13: 規劃中 | H13: 清洗後資料需先確認資料庫格式 | I13: 尚未開始 | J13: MVA DB 導入 Pilot run QA 內部測試 | K13: 需資料庫表結構確認 | L13: =IF(G13="完成","正常",IF(E13<TODAY(),"延誤","正常")) -> 正常 | M13: =E13-TODAY() -> 79 | N13: Y
A14: 資料庫對接 | B14: REB DB 接入前端 | C14: Brand/Steven/Jack | D14: 46211 | E14: 46229 | F14: 0 | G14: 規劃中 | H14: REB 分類與欄位需與 MVA 規則一致 | I14: 尚未開始 | J14: REB DB 導入 Pilot run QA 內部測試 | K14: 需資料庫表結構確認 | L14: =IF(G14="完成","正常",IF(E14<TODAY(),"延誤","正常")) -> 正常 | M14: =E14-TODAY() -> 93 | N14: Y
A15: 測試驗證 | B15: 說明文件準備 | C15: Steven/Jack | D15: 46218 | E15: 46234 | F15: 0 | G15: 規劃中 | H15: 使用者操作流程需等前端定版 | I15: 尚未開始 | J15: 準備使用者操作說明與 QA 測試腳本 | K15: 無 | L15: =IF(G15="完成","正常",IF(E15<TODAY(),"延誤","正常")) -> 正常 | M15: =E15-TODAY() -> 98 | N15: Y
... A22: 驗收 | B22: 系統驗收 | C22: Brand/Steven/Jack | D22: 46286 | E22: 46295 | F22: 0 | G22: 規劃中 | H22: 需確認需求、資料、前端、DB 均完成驗證 | I22: 尚未開始 | J22: 完成驗收與結案資料 | K22: 需需求單位與 IT 簽核 | L22: =IF(G22="完成","正常",IF(E22<TODAY(),"延誤","正常")) -> 正常 | M22: =E22-TODAY() -> 159 | N22: Y

Sheet Dashboard
A1: 採購系統建置 Dashboard
A3: 目前總進度建議 | B3: 38%
A4: 工作項目總數 | B4: =COUNTA(採購系統時間表!A4:A100) -> 19
A5: 已完成 | B5: =COUNTIF(採購系統時間表!G4:G100,"完成") -> 1
A6: 進行中 | B6: =COUNTIF(採購系統時間表!G4:G100,"進行中") -> 3
A7: 規劃中 | B7: =COUNTIF(採購系統時間表!G4:G100,"規劃中") -> 15
A8: 延誤項目 | B8: =COUNTIF(採購系統時間表!L4:L100,"延誤") -> 0
A11: 週會摘要建議
A12: 目前已完成欄位定義初版，Campus IT 需求確認、資料清洗與分類規則確認同步進行中。下一步聚焦 Lv1-Lv3/FTV code 鎖定、前端頁面 Lockdown、欄位必填/唯讀/查詢條件確認，並為 6 月 PAS/ECS 欄位試串與資料庫對接做準備。
A17: 主線流程
A18: 資料清洗 -> 前端架構 -> 資料庫對接 -> QA 內測 -> 使用者反饋更新 -> MVA/REB 導入 -> 驗收

Sheet 填寫說明
A1: 填寫說明
A3: 進度% | B3: 以實際完成度填寫，完成項目填 100，尚未開始填 0。
A4: 狀態 | B4: 使用下拉選單：完成、進行中、規劃中、測試、上線、延誤。
A5: 延誤判斷 | B5: 公式依結束日與 TODAY() 自動判斷；完成項目固定顯示正常。
A6: 剩餘天數 | B6: 公式為結束日 - TODAY()，會隨開檔日期變動。
A7: 週會是否顯示 | B7: Y 代表 Dashboard 或週會追蹤時建議顯示；N 可暫時隱藏。
